nombre,id_ciudad
Averyl,2
Geri,2
Fraser,1
Garrard,1
Penelope,2
Julianne,2
Stanislaus,1
Shelia,2
Pearl,2
Rena,2
Ninnette,2
Rene,1
Jarib,1
Donall,1
Cosetta,1
Maura,1
Josee,1
Niccolo,2
Zonnya,2
Torrie,2
Gerda,2
Carmelina,1
Lorie,1
Jared,2
Lawry,1
Liza,2
Ladonna,1
Sasha,1
Hendrika,1
Jorrie,1
Nikoletta,1
Dina,2
Agace,2
Bartolemo,1
Fiann,1
Adham,1
Grethel,2
Onofredo,1
Ottilie,2
Beatrisa,2
Kanya,1
Delano,2
Dorella,1
Muffin,1
Jorrie,1
Antons,2
Kele,2
Randene,2
Lynda,2
Delcina,2
Ramon,1
Alister,1
Sayres,2
Murdock,1
Elmer,2
Mariann,1
Flint,2
Vito,2
Dani,1
Odey,1
Chaddie,2
Doralynn,2
Hildy,1
Chelsey,2
Thomasine,2
Jessica,2
Elyssa,2
Witty,1
Elia,2
Glendon,2
Vivia,2
Nester,1
Frankie,1
Martin,1
Royall,1
Linoel,1
Gregorio,1
Kari,1
Rabbi,2
Wilma,2
Amery,1
Steve,1
Duffie,2
Madalena,1
Leif,1
Penny,1
Dix,1
Lira,1
Pietra,2
Callean,2
Eimile,1
Benedetto,1
Dar,2
Kalinda,2
Loreen,1
Heindrick,1
Joanna,1
Dayna,2
Ermanno,2
Robinet,2
Augustin,1
Amie,1
Gaston,1
Edgar,2
Sydelle,1
Chase,1
Cort,1
Zacharias,2
Fabiano,2
Elise,2
Rudolf,1
Ada,2
Hussein,1
Eward,2
Rockwell,1
Lou,1
Joshua,2
Ivan,2
Craggy,2
Amabelle,2
Sheridan,1
Chickie,2
Josy,1
Portia,2
Darcie,1
Christiane,1
Jorrie,2
Corby,2
Chelsey,2
Franky,2
Jeana,1
Jesse,2
Berkly,1
Inger,1
Brandon,1
Daisie,1
Gloria,2
Sigfrid,2
Fergus,1
Ethelbert,2
Romona,2
Waverly,1
Porty,2
Rosy,2
Gaile,1
Lorraine,1
Caesar,2
Iseabal,2
Jasun,1
Micky,1
Kristien,2
Lowe,1
Micaela,1
Dorette,2
Mayne,2
Rolando,1
Denni,1
Shirl,1
Wandis,1
Riane,2
Drucill,1
Rene,1
Maryjo,1
Arnuad,2
Sapphira,1
Devlin,1
Giavani,1
Brad,1
Kasey,2
Thom,1
Allie,2
Burl,2
Jarred,1
Vanny,1
Chickie,1
Cob,1
Martguerita,2
Julianna,1
Ermengarde,1
Doe,1
Bordie,1
Mitzi,1
Brendon,2
Chicky,2
Monty,2
Ronda,2
Mellisent,1
Aile,2
Shannon,2
Ellis,1
Flori,1
Clevie,1
Conant,1
Baird,1
Kathlin,1
Sosanna,1
Lorenzo,1
Maynord,2
Winslow,1
Madison,1
Violetta,1
Esta,1
Mart,1
Graig,1
Shirlee,1
Nils,2
Averyl,1
Murry,2
Gerda,2
Lura,1
Feodor,2
Annelise,1
Piotr,2
Dyan,1
Fancy,1
Cherida,1
Jason,2
Stillman,2
Jeni,1
Courtnay,1
Dorita,1
Albertine,2
Winna,2
Marilee,1
Evvie,2
Benn,1
Etty,1
Dewitt,2
Marnia,2
Fannie,1
Vale,2
Worden,2
Dilan,2
Pauletta,1
Winfred,2
Titos,2
Valera,1
Barnabe,2
Saloma,2
Matthiew,2
Kerianne,1
Bev,1
Stephana,1
Nomi,2
Seward,2
Gelya,1
Cullan,2
Cinderella,2
Georgiana,2
Dorie,2
Lonni,1
Katherina,1
Alphard,2
Gabi,2
Paulita,1
Wandie,2
Zackariah,2
Agace,1
Cammie,2
Lorianna,2
Marilee,2
Nelle,1
Linda,2
Dulcie,1
Bethena,1
Selma,1
Mignonne,2
Mariellen,2
Quinton,1
Felizio,2
Gordon,1
Tine,2
Aimil,2
Alyse,1
Alister,2
Dan,2
Earle,2
Levey,2
Hillier,2
Ailbert,1
Raimundo,2
Ianthe,2
Cybil,2
Melanie,2
Auroora,2
Cosmo,2
Daven,1
Amy,1
Oralle,1
Clarie,2
Baryram,1
Paquito,2
Avis,1
Philippine,2
Lief,2
Loraine,2
Perren,1
Lonni,2
Melicent,1
Hinze,1
Kara,1
Joby,2
Tonnie,2
Brietta,2
Derek,1
Vonnie,1
Janeva,1
Yovonnda,1
Yolane,1
Taddeusz,2
Gabriell,1
Shanan,1
Burgess,2
Clementius,2
Kristina,1
Calley,2
Pascal,2
Beret,2
Carmencita,1
Walden,2
Kathleen,2
Clotilda,1
Kesley,1
Robbie,1
Deena,1
Gareth,1
Britteny,1
Damien,1
Maisey,2
Cassandre,2
Daria,1
Carolina,2
Rhodie,2
Lorry,1
Kore,1
Amabel,1
Sancho,1
Leonhard,1
Janeva,2
Burke,1
Riordan,2
Neddy,2
Natty,2
Grazia,1
Jeniece,1
Arthur,1
Justinn,2
Ethelyn,1
Zane,1
Gibbie,2
Raymund,1
Janeczka,1
Holly,2
Dennet,2
Marne,2
Madge,1
Salomon,1
Sherie,1
Kendre,2
Mike,1
Humfried,1
Spense,1
Elvis,1
Domingo,2
Clarabelle,2
Ermengarde,1
Ossie,2
Helena,2
Helaina,2
Daniella,1
Orin,1
Allyn,2
Esta,2
Niki,1
Donnie,1
Diahann,1
Tadeas,1
Harriett,2
Rhiamon,1
Clarine,1
Giorgio,1
Marja,1
Gaynor,2
Farly,2
Francine,2
Darill,2
Yul,2
Patton,2
Charmain,1
Karilynn,1
Pascal,2
Bernadette,1
Flin,1
Eleanora,2
Stanislas,1
Evered,2
Heinrik,1
Jaime,1
Konrad,2
Dominik,2
Gabriello,2
Gizela,2
Ricard,2
Maude,1
Devlin,2
Licha,2
Obie,2
Parnell,2
Petunia,2
Silva,1
Efren,1
Timofei,2
Karl,2
Vernor,2
Gav,1
Peter,1
Kathleen,1
Yves,2
Lenka,2
Mycah,1
Martino,1
Colleen,2
Klarrisa,1
Michaella,1
Harlene,2
Adara,1
Mel,2
Daveta,1
Maxwell,2
Pace,2
Corene,2
Raviv,1
Arnold,1
Ivar,1
Harland,1
Eyde,2
Irvine,2
Pat,1
Muire,1
Ilsa,2
Joe,1
Clarita,1
Hermia,2
Elijah,2
Betti,1
Tim,2
Kevina,1
Jayme,1
Willamina,1
Jone,1
Hastings,2
Elfrida,2
Greta,2
Malvina,1
Leontine,2
Gilberte,2
Archaimbaud,2
Faythe,1
Meier,2
Roxane,1
Libby,1
Eimile,1
Oren,1
Kiah,2
Noelani,2
Raviv,1
Mikey,2
Greg,2
Maude,1
Grace,2
Delinda,1
Olimpia,1
Kane,2
Kimmy,1
Ronnica,1
Ina,1
Candy,1
Hasty,1
Marylou,1
Bessy,1
Yorker,1
Rorie,2
Jo,2
Blaine,1
Stephi,2
Bradly,2
Merilee,2
Augie,1
Kacey,1
Gualterio,1
Donetta,1
Nance,2
Heda,2
Liv,2
Renard,2
Frankie,2
Lynnette,1
Felicdad,2
Michale,2
Ki,2
Aryn,1
Lorette,1
Sergeant,1
Kevina,2
Cathee,2
Ruthie,2
Melania,2
Laurens,2
Claribel,1
Alden,1
Norton,2
Shirley,1
Keefer,1
Albie,2
Helga,1
Forester,2
Minnnie,1
Chrissy,2
Chas,2
Katerine,2
Helenka,2
Talyah,2
Mala,1
Joaquin,2
Nita,1
Clywd,1
Correy,1
Simone,2
Helyn,1
Baird,2
Neddie,1
Row,1
Torrey,2
Wallie,1
Siana,2
Berte,2
Leontyne,1
Hannah,2
Cameron,1
Row,1
Em,2
Hermina,1
Eloisa,1
Faustina,2
Erinn,2
Dari,1
Andy,2
Catha,2
Lizbeth,1
Angelo,1
Whitman,2
Valry,2
Lorena,2
Catrina,2
Merla,2
Dael,2
Isidore,1
Seamus,1
Hall,1
Winifred,1
Shurwood,2
Karlotte,2
Elane,1
Xaviera,1
Flora,1
Derek,2
Pierette,1
Amii,2
Zacharie,2
Annabel,1
York,1
Denys,2
Shanta,2
Peyter,2
Jeremy,2
Leonora,2
Alyse,2
Laureen,2
Toiboid,1
Theodora,2
Mata,2
Olvan,1
Bernete,2
Mireille,2
Phaidra,2
Duke,1
Wainwright,1
Cecilio,1
Lucita,1
Anton,1
Carissa,1
Dolores,1
Brit,1
Marie,2
Derward,2
Ondrea,2
Claudetta,2
Barrie,1
Mag,1
Mattheus,1
Dinnie,1
Suzy,1
Randene,2
Spike,2
Windham,2
Wernher,1
Hallie,1
Trixie,2
Jilly,2
Eilis,2
Guido,2
Ardisj,1
Maurene,1
Sula,1
Alyda,2
Karine,1
Judi,2
Melody,2
Joceline,2
Jesse,2
Tabitha,2
Willyt,1
Gabbi,1
Fabian,2
Daphne,1
Minerva,1
Mellicent,1
Lorenza,1
Dredi,1
Rachael,2
Arielle,2
Jandy,1
Kayne,2
Westbrook,2
Aleece,1
Ferdinand,2
Nina,2
Cayla,1
Hannis,2
Elvin,1
Bobine,2
Myrilla,1
Hersch,2
Cassandre,2
Tania,1
Solomon,2
Lyn,1
Viva,1
Kristel,1
Kaspar,1
Ulrikaumeko,2
Madelin,2
Byran,1
Celesta,2
Rani,2
Dietrich,2
Tirrell,2
Korney,1
Nadiya,1
Dian,1
Nettie,1
Olympia,1
Tan,1
Brittne,1
Chantal,2
Arabelle,2
Leandra,1
Ulrika,1
Tiffany,1
Tom,1
Skippie,2
Clemmy,2
Rutherford,1
Martica,2
Eliza,2
Estrella,2
Charlton,2
Dall,1
Wald,2
Glen,2
Bastien,2
Rosabelle,1
Berenice,2
Michelle,2
Lonee,1
Merridie,2
Moe,2
Sarah,1
Denice,1
Brody,1
Ester,2
Dot,1
Donella,2
Reinwald,2
Mariann,2
Yovonnda,1
Sandie,1
Jasmina,2
Alister,2
Gilles,1
Phineas,2
Zenia,1
Murvyn,2
Clyve,1
Kalie,1
Kary,2
Sissie,2
Tull,1
Sanderson,1
Diena,1
Gardener,2
Jacqui,1
Jeannine,2
Leon,1
Dorette,2
Christal,1
Kimberlee,1
Arleen,2
Sharla,1
Elonore,2
Sheela,2
Brenda,2
Katie,2
Josi,1
Lona,2
Charmain,1
Egon,2
Mitchell,1
Faun,2
Paulie,2
Sebastien,1
Leigh,2
Dalt,1
Maggie,1
Zelda,1
Omero,2
Zak,1
Muhammad,2
Heywood,1
Ferdy,1
Matthieu,2
Guss,1
Hartley,1
Rolfe,1
Justinian,2
Hillier,1
Roxie,1
Annemarie,2
Arden,2
Gardiner,1
Aleda,2
Dara,1
Roxie,2
Collete,1
Rab,2
Newton,2
Quincy,2
Richie,2
Gare,2
Alvera,2
Shelton,2
Tallie,1
Zsazsa,1
Marnie,1
Nanni,2
Lezlie,2
Gabbi,2
Lil,2
Cassius,2
Lenka,2
Lizabeth,2
Julita,1
Lyssa,1
Hartwell,1
Brantley,1
Xever,2
Esteban,2
Odella,2
Nyssa,2
Lyndy,2
Tremaine,1
Vonnie,1
Archy,2
Jamima,2
Pauly,1
Alyse,2
Ogdon,2
Temp,1
Leora,2
Claudette,1
Donica,2
Randee,1
Sidnee,1
Daven,2
Angelo,1
Corinna,1
Murial,2
Noellyn,2
Renard,1
Ferdinande,2
Leora,2
Pru,1
Adolpho,2
Meade,2
Van,2
Nettle,2
Aurelie,1
Pooh,1
Beryl,2
Viv,1
Matthiew,2
Shanon,2
Lida,1
Clarey,2
Frank,1
Dreddy,2
Haywood,2
Dyann,1
Ingemar,2
Pip,1
Maisey,2
Angus,1
Madelon,1
Chery,2
Kelci,1
Regan,1
Mattheus,2
Terri-jo,2
Reamonn,2
Georges,2
Tybie,1
Marcia,1
Gigi,2
Bobinette,2
Keefe,2
Brandise,2
Shaun,1
Johannes,2
Merry,2
Belita,2
Jaime,2
Giorgio,2
Rafael,2
Natalie,2
Janek,2
Lanna,1
Stirling,2
Fidel,2
Peggi,1
Patty,1
Markos,1
Wanda,1
Orion,1
Quint,1
Ash,1
Bryn,2
Cash,2
Sonnie,1
Beverie,2
Kikelia,2
Sib,1
Barnie,1
Paolo,2
Papageno,2
Sigismondo,1
Whit,2
Elysha,2
Kiley,1
Craggy,2
Ginni,2
Vina,1
Roselin,2
Laurianne,1
Boy,1
Hali,2
Flor,2
Gustavus,2
Queenie,1
Christophorus,2
Nadine,1
Minor,2
Linell,1
Madonna,1
Osbourn,1
Jerrylee,1
Eada,2
Maighdiln,2
Noll,2
Querida,1
Anthia,1
Mildrid,1
Giorgia,2
Thorndike,1
Vachel,1
Wandie,2
Dick,2
Faydra,2
Penn,1
Murial,2
Britteny,1
Carrol,1
Tedman,2
Bethany,1
Eleanor,2
Mendel,2
Austin,1
Kennie,1
Markus,1
Jacqueline,2
Prissie,1
Lothario,2
Feodora,2
Ilyse,1
Gale,2
D'arcy,1
Pepito,1
Marcus,2
Jennica,2
Thomasine,2
Ardene,1
De witt,2
Lorri,1
Lucas,1
Caryn,1
Dex,2
Lucienne,1
Kristian,2
Pansy,2
Eldin,2
Kevin,2
Cully,2
Flossie,1
Margy,1
Aharon,2
Phillida,1
Norris,2
Letisha,2
Trace,1
Aubrette,1
Wynnie,1
Ferne,1
Marc,1
Juliet,2
Kristen,2
Colleen,1
Mia,2
Somerset,2
Ainslee,1
Roz,2
Kari,1
Federica,1
Hall,1
Harris,2
Marius,2
Lucas,2
Cyrillus,2
Jermayne,1
Helsa,1
Darn,1
Maighdiln,2
Bernice,2
Veronique,2
Saleem,1
Meara,1
Tine,1
Carla,1
Jemie,1
Travus,1
Ronni,2
Joya,2
Benedetto,2
Willis,1
Talbot,2
Eolande,2
Alfredo,1
Simonne,1
Aurelea,2
Shir,2
Skipper,1
Pamelina,1
Levi,2
Rosalinda,2
Pier,1
Benton,2
Niki,1
Brockie,1
Tedie,1
Claudianus,1
Dominica,2
Ado,1
Dilly,2
Haydon,2
Tressa,2
Gloria,2
Carlyle,2
Candie,1
Chloette,1
Jolyn,1
Asa,1
Cathee,2
